file,tfix,beta
urine_1_MA-d3-c3_SR.mzML,0.098095495,0.127088042
urine_2_MA-d3-c3_SR.mzML,0.098095495,0.127088042
urine_3_MA-d3-c3_SR.mzML,0.098095495,0.127088042
urine_4_MA-d3-c3_SR.mzML,0.098095495,0.127088042
urine_5_MA-d3-c3_SR.mzML,0.098095495,0.127088042
urine_6_MA-d3-c3_SR.mzML,0.098095495,0.127088042
